{
  "data": [
    [
      252,
      0,
      0
    ],
    [
      314,
      -5,
      0
    ]
  ],
  "Org1Loss": [
    0,
    0.4970008295806685,
    1.435569794595732,
    1.870843853617529
  ],
  "Org2Loss": [
    0,
    -0.5274053851484402,
    -1.4088038735055557,
    5
  ],
  "Org1Record": [
    0,
    "252.00",
    "252.00",
    "252.00"
  ],
  "Org2Record": [
    0,
    "319.00",
    "319.00",
    "314.00"
  ],
  "Org1Gain": [
    0,
    0.035258442093889286,
    0.7841622410386204,
    1.243633396228907
  ],
  "Org2Gain": [
    0,
    0.9461168369934327,
    1.6321336210765636,
    2.0650584448337392
  ]
}